{
  "Logistic Regression": {
    "cv_mean": 0.2975,
    "cv_std": 0.020766559657295184,
    "test_acc": 0.3125,
    "test_f1": 0.2892170378575743
  },
  "Random Forest": {
    "cv_mean": 0.348125,
    "cv_std": 0.01612935987570493,
    "test_acc": 0.36,
    "test_f1": 0.2779038161818588
  },
  "Gradient Boosting": {
    "cv_mean": 0.325,
    "cv_std": 0.012342761036332183,
    "test_acc": 0.3025,
    "test_f1": 0.2896698644015783
  },
  "XGBoost": {
    "cv_mean": 0.33062500000000006,
    "cv_std": 0.029341736485763756,
    "test_acc": 0.32,
    "test_f1": 0.30345574516607016
  }
}